,Unnamed: 0,1900_model,1910_model,1920_model,1930_model,1940_model,1950_model,1960_model,1970_model,1980_model,1990_model
0,analogy_score,0.128193928805416,0.1099949042731309,0.1322705103006478,0.1204775424037271,0.1297954429642571,0.1632088520055325,0.1854116619349202,0.196185484458033,0.2122006260464439,0.2188250709761956
1,word_pair_pearson,0.2528363779692657,0.240204965630119,0.2799151198308596,0.2682050815760028,0.2843942934168368,0.3251413063250139,0.352469788035638,0.3998048947930535,0.4192973269570751,0.4626158860584284
2,word_pair_pearson_p_value,2.503668183709429e-06,7.995659318809664e-06,1.676214862800025e-07,5.597477682222139e-07,1.041127334181406e-07,9.202742325881935e-10,2.5340389190878975e-11,2.1016543419464476e-14,7.992222066725885e-16,2.5024609841535003e-19
3,word_pair_spearman,0.1478195086498241,0.11362936173251,0.1702423432239002,0.1856526587436539,0.2332907087969442,0.2614021540723463,0.2831886774867059,0.3382993611994487,0.3873052258761681,0.4448019419548035
4,word_pair_spearman_p_value,0.0064783578445529,0.0367907268951906,0.0016823755604578,0.0006026756302733,1.4706186873747408e-05,1.0991348502355836e-06,1.1844902763545025e-07,1.7053162835400235e-10,1.5321993785043856e-13,7.948199897526098e-18
5,race_survey_corr,-0.0888765493752511,0.2574789332442445,-0.1730318973189108,0.1311070357039693,-0.2853736002182699,0.2077359444727246,-0.2416823761867834,-0.2527405958668607,-0.0147254635523585,0.0604426462908348
6,gender_survey_corr,0.7071202489742205,0.6191037908193613,0.5475661249854205,0.738099921894836,0.7569143950663758,0.569817048963367,0.7377428149232338,0.571207709712762,0.685128827454102,0.7620132051069107
7,class_survey_corr,0.0097367956038168,-0.1364797626376351,0.3880727981022145,0.114517765402797,0.2921190144444206,0.2642066342362219,0.2209760711897756,0.2976932955132964,0.4314448997957372,0.4845280501704265
