,w2vmodel_ng5_1900.gz_5,w2vmodel_ng5_1910.gz_5,w2vmodel_ng5_1930.gz_5,w2vmodel_ng5_1940.gz_5,w2vmodel_ng5_1950.gz_5,w2vmodel_ng5_1960.gz_5,w2vmodel_ng5_1970.gz_5,w2vmodel_ng5_1980.gz_5,w2vmodel_ng5_1990.gz_5
analogy_score,0.035212489158716394,0.035650623885918005,0.034402701561840436,0.04027027027027027,0.04450450450450451,0.055488830170550084,0.06287069988137604,0.06093888396811337,0.05169741125406914
word_pair_pearson,0.28873674742995525,0.2691181823611159,0.2865624554613747,0.29988921231562293,0.22800255219726426,0.30144152666223145,0.33676445382010844,0.3615103700822207,0.34221156106371553
word_pair_pearson_p_value,1.6730430578084918e-06,3.538774242425383e-05,6.741557165742248e-06,6.922981715875501e-06,0.00024113397574556357,2.0264361206697785e-07,1.2466726376953526e-09,2.5849646496705026e-11,1.8047953668295529e-10
word_pair_spearman,0.2379865035314769,0.20441433539375942,0.22970990693626983,0.30939641961636394,0.19128235112975606,0.2872100363707199,0.33538964996760906,0.37178336170533216,0.3276790466365079
word_pair_spearman_p_value,8.868648214736577e-05,0.0018321247302479562,0.0003427929579051583,3.3864415626220217e-06,0.002155652973225386,7.797469852249853e-07,1.4685376642287269e-09,6.30678352454653e-12,1.129877158342008e-09
race_survey_corr,-0.31876780661817794,0.09616526127167507,0.04267463448705713,0.5514454704798902,-0.06650051791836738,-0.08661873279326415,-0.007225752762760868,-0.09047733050350297,-0.18077994923445068
gender_survey_corr,-0.16334115743281483,0.058031173478627136,0.43271447312544475,0.25406114874711644,0.13445640479243923,0.11137415488789096,0.3522803531974443,0.3318209157913594,0.2164282714052285
class_survey_corr,-0.3101013242963444,-0.1999241972556214,0.1922646032142515,-0.24878656241880068,-0.02097787466663635,0.22444811148692334,-0.11297063542871728,-0.047417436893833965,-0.17305682598057423
