,1900_model,1910_model,1920_model,1930_model,1940_model,1950_model,1960_model,1970_model,1980_model,1990_model
analogy_score,0.3490529269623509,0.3456352022711143,0.35072833758822647,0.3390749835080261,0.3283018867924528,0.34713694131086675,0.318501478803812,0.30332227992241756,0.30642797986876474,0.2930960679997554
word_pair_pearson,0.5004975416750856,0.5265445753337389,0.5299787501398973,0.5445173796691547,0.5279272333745305,0.5234496639095478,0.5307516311084102,0.5271592190863076,0.5113060209794659,0.5304938752756687
word_pair_pearson_p_value,5.242232155146677e-22,2.30312019002102e-24,1.3893050701511339e-25,8.570541697585746e-27,3.771092911839971e-25,3.044127976975479e-25,2.5562966670046327e-26,2.362183810027346e-26,1.0434592167998823e-24,8.498112956301541e-27
word_pair_spearman,0.49876101110390886,0.5410898637322188,0.5374244348804594,0.5686845594349698,0.5463053435343758,0.5331469442962344,0.554839327055186,0.5430873309064177,0.5291195387539785,0.5594194796661037
word_pair_spearman_p_value,7.641643583498913e-22,6.941530874899942e-26,2.1660827477830708e-26,1.398945844636129e-29,3.795224791261655e-27,2.725959589015177e-26,4.3930758961573976e-29,3.6347955911884234e-28,1.211759411197371e-26,3.283770453716188e-30
race_survey_corr,0.10465452762974879,0.3482089211374086,0.1830554439879648,0.08392039236718023,0.24560595547242983,0.0072051416295057956,-0.10424900443056896,0.06664121973037329,-0.023873223372962427,-0.03020151720793333
gender_survey_corr,0.6613686638539715,0.7515868077259616,0.6252451466537581,0.7503498184934907,0.6867748549148293,0.6772764058778894,0.6287017023404919,0.5628284881351191,0.5845878490827585,0.5348105223165943
affluence_survey_corr,0.40197262972264974,0.40946639443367316,0.36474429101538325,0.3719039683721708,0.3160267716352882,0.33906754558629454,0.20560211309212376,0.26999526881815206,0.35858149332435774,0.2819889799674915
