,Unnamed: 0,1900_model,1910_model,1920_model,1930_model,1940_model,1950_model,1960_model,1970_model,1980_model,1990_model
0,analogy_score,0.2798811705960432,0.2918273181214841,0.2988433095253144,0.3099677643638202,0.3205233550344479,0.3416977435054674,0.3277289678275709,0.3592693255799254,0.3928323114847354,0.4075595727198028
1,word_pair_pearson,0.4653999447580328,0.4494750653287501,0.4744661262890854,0.4969670817262334,0.5375116275911652,0.5335963091347103,0.5886561079701977,0.6143522504940377,0.6414462860645114,0.6373886297514331
2,word_pair_pearson_p_value,3.251273518782415e-20,8.302890868734351e-19,4.758182926208137e-21,3.129769094506475e-23,1.3532990611543735e-27,3.792013869412309e-27,5.123284851961835e-34,1.069798216995488e-37,5.804939157654356e-42,2.6906294101056455e-41
3,word_pair_spearman,0.4304529551264964,0.4152388317513387,0.4456907723642126,0.4705053659414842,0.5368546766029753,0.5325322116162063,0.6125187407037207,0.641683107405683,0.6772892555351402,0.6655069873488915
4,word_pair_spearman_p_value,3.2075328564054975e-17,5.074727644212128e-16,1.7495356833744042e-18,1.1094717545858188e-20,1.6102161209330523e-27,5.0058609701151085e-27,2.0096886671307656e-37,5.3041202133958447e-42,2.5937854535557485e-48,3.967978494729077e-46
5,race_survey_corr,-0.3432578321729222,0.0442000710225543,-0.0671620361479026,-0.1377809839059536,0.1175394327062299,-0.0327858980374733,0.0603460065872574,-0.045650494298939,-0.064606500553295,0.0407070721909715
6,gender_survey_corr,0.5388256754914189,0.4746022777525087,0.5919316695179777,0.522978650125187,0.4850152240615955,0.4361715453499819,0.3188272185047754,0.2315125958341673,0.3903233615464501,0.2791171749444682
7,class_survey_corr,0.1674678457576985,0.2038921621947109,0.319424456697814,0.4327057135784718,0.1388856793792975,0.1213418372211999,0.3107990903664564,0.2052733677564875,0.1881633179518431,0.0430635954160033
