,Unnamed: 0,1900_model,1910_model,1920_model,1930_model,1940_model,1950_model,1960_model,1970_model,1980_model,1990_model
0,analogy_score,0.0940390902135355,0.0920915350907699,0.1176184183070181,0.126382416359463,0.1229046393545245,0.1238784169159073,0.1258259720386728,0.126382416359463,0.1413368574806983,0.1670724073172428
1,word_pair_pearson,0.2787397361685361,0.2949877533750846,0.2842937344375155,0.3625516681700189,0.366450392175327,0.3937944254609297,0.3863734635884143,0.399904122036148,0.4202603739035045,0.399692237070137
2,word_pair_pearson_p_value,1.1483870300086583e-07,1.8591350485257205e-08,6.24320653179145e-08,2.5969815644164597e-12,1.4531913116228656e-12,1.9746787106166023e-14,6.599420813019829e-14,7.146379586357337e-15,2.0714842378243223e-16,7.405375047434588e-15
3,word_pair_spearman,0.1924474756768718,0.2133847252883949,0.2200024040123458,0.3217786058412596,0.3155345656820227,0.3484172483029588,0.3637885275187166,0.3828909564178718,0.4112957880193506,0.4091848194770452
4,word_pair_spearman_p_value,0.0002930230987675,5.7163152250181925e-05,3.29399887875124e-05,7.134856151752773e-10,1.5709801566860696e-09,1.9967023719824305e-11,2.161952096346878e-12,1.150509991415913e-13,1.014919936860822e-15,1.4654243214232564e-15
5,race_survey_corr,0.0232665260707881,-0.2568357194046544,0.3883173677307761,0.3138421900538137,0.3186281956817793,0.0017883956836792,0.1445561635632368,0.0693461669004852,0.361812740492907,0.2782499049840684
6,gender_survey_corr,0.7627491995349831,0.6635576987598774,0.6595551953892838,0.7045880772969267,0.6970183850991913,0.7208734353073539,0.7109894078690094,0.6120473567505433,0.7438723543480797,0.6882591936321429
7,class_survey_corr,-0.0700097397746663,0.2375226393285942,0.0880785578846897,0.0545498190504957,0.0221761546226639,-0.0594931044854075,-0.092903612865367,-0.0297448427243426,0.0998289319698473,-0.0073527223464049
